<?xml version="1.0" encoding="UTF-8"?>
<beans xmlns="http://www.springframework.org/schema/beans"
    xmlns:xsi="http://www.w3.org/2001/XMLSchema-instance"
    xmlns:mvc="http://www.springframework.org/schema/mvc"
    xmlns:context="http://www.springframework.org/schema/context"
    xmlns:tx="http://www.springframework.org/schema/tx"
    xsi:schemaLocation="http://www.springframework.org/schema/beans http://www.springframework.org/schema/beans/spring-beans.xsd
        http://www.springframework.org/schema/mvc http://www.springframework.org/schema/mvc/spring-mvc.xsd
        http://www.springframework.org/schema/context http://www.springframework.org/schema/context/spring-context.xsd
        http://www.springframework.org/schema/tx http://www.springframework.org/schema/tx/spring-tx-4.0.xsd">

	<bean id="newDataSource" class="org.apache.commons.dbcp.BasicDataSource" destroy-method="close">
	    <property name="driverClassName" value="com.mysql.jdbc.Driver"/>
	    <property name="url" value="jdbc:mysql://localhost:3306/bookmymovie"/>
	    <property name="username" value="root"/>
	    <property name="password" value="password"/>        
	</bean>

	<context:component-scan base-package="com.bookmymovie"/> 

	<bean id="mySessionFactory" class="org.springframework.orm.hibernate4.LocalSessionFactoryBean">
		<property name="dataSource" ref="newDataSource"></property>  	
			<property name="annotatedClasses">
				<list>
				<value>com.bookmymovie.dao.entity.User</value>
				<value>com.bookmymovie.dao.entity.Movies</value>
				<value>com.bookmymovie.dao.entity.Admin</value>
				<value>com.bookmymovie.dao.entity.Feedbacks</value>
				<value>com.bookmymovie.dao.entity.Seats</value>
				<value>com.bookmymovie.dao.entity.BookingDetails</value>
				<value>com.bookmymovie.dao.entity.Cinemas</value>
				<value>com.bookmymovie.dao.entity.Combos</value>
				<value>com.bookmymovie.dao.entity.PaymentInfo</value>
				<value>com.bookmymovie.dao.entity.ShowTimings</value>
				<value>com.bookmymovie.dao.entity.Roles</value>
				</list>
			</property>
		<property name="hibernateProperties">
			<props>
				<prop key="hibernate.dialect">org.hibernate.dialect.MySQL5Dialect</prop>
				<prop key="hibernate.hbm2ddl.auto">update</prop>	
				<prop key="hibernate.show_sql">true</prop>
				<prop key="hibernate.format_sql">true</prop>
			</props>
		</property>
		<property name="packagesToScan">
	         <list>
	            <value>com.bookmymovie.dao.entity.User</value>
				<value>com.bookmymovie.dao.entity.Movies</value>
				<value>com.bookmymovie.dao.entity.Admin</value>
				<value>com.bookmymovie.dao.entity.Feedbacks</value>
				<value>com.bookmymovie.dao.entity.Seats</value>
				<value>com.bookmymovie.dao.entity.BookingDetails</value>
				<value>com.bookmymovie.dao.entity.Cinemas</value>
				<value>com.bookmymovie.dao.entity.Combos</value>
				<value>com.bookmymovie.dao.entity.PaymentInfo</value>
				<value>com.bookmymovie.dao.entity.ShowTimings</value>  
				<value>com.bookmymovie.dao.entity.Roles</value>   
	         </list>
	     </property>       
	</bean>

	<bean id="transactionManager" class="org.springframework.orm.hibernate4.HibernateTransactionManager">
	        <property name="sessionFactory" ref="mySessionFactory" />
	</bean>
	
	<bean id="multipartResolver"
        class="org.springframework.web.multipart.commons.CommonsMultipartResolver">
        <!-- max upload size in bytes -->
        <property name="maxUploadSize" value="20971520" /> <!-- 20MB -->

        <!-- max size of file in memory (in bytes) -->
        <property name="maxInMemorySize" value="1048576" /> <!-- 1MB -->

    </bean>
</beans>